{
	"animations": [
		{
			"loop": false,
			"offsets": [
				0,
				0
			],
			"anim": "idle",
			"fps": 24,
			"name": "Idle",
			"indices": []
		},
		{
			"offsets": [
				170,
				-89
			],
			"loop": false,
			"fps": 24,
			"anim": "singDOWN",
			"indices": [],
			"name": "Down"
		},
		{
			"offsets": [
				131,
				30
			],
			"loop": false,
			"fps": 24,
			"anim": "singLEFT",
			"indices": [],
			"name": "Left"
		},
		{
			"offsets": [
				-41,
				48
			],
			"loop": false,
			"fps": 24,
			"anim": "singRIGHT",
			"indices": [],
			"name": "Right"
		},
		{
			"offsets": [
				2,
				172
			],
			"loop": false,
			"fps": 24,
			"anim": "singUP",
			"indices": [],
			"name": "Up"
		}
	],
	"no_antialiasing": false,
	"image": "lullaby/haunter/Haunter",
	"position": [
		0,
		0
	],
	"healthicon": "haunter",
	"flip_x": false,
	"healthbar_colors": [
		53,
		108,
		159
	],
	"camera_position": [
		-170,
		130
	],
	"sing_duration": 4,
	"scale": 1
}