{
	"animations": [
		{
			"offsets": [
				0,
				0
			],
			"loop": false,
			"fps": 24,
			"anim": "idle",
			"indices": [],
			"name": "Idle"
		},
		{
			"loop": false,
			"offsets": [
				0,
				0
			],
			"anim": "singDOWN",
			"fps": 24,
			"name": "Down",
			"indices": []
		},
		{
			"loop": false,
			"offsets": [
				3,
				7
			],
			"anim": "singLEFT",
			"fps": 24,
			"name": "Left",
			"indices": []
		},
		{
			"loop": false,
			"offsets": [
				-4,
				7
			],
			"anim": "singRIGHT",
			"fps": 24,
			"name": "Right",
			"indices": []
		},
		{
			"loop": false,
			"offsets": [
				0,
				0
			],
			"anim": "singUP",
			"fps": 24,
			"name": "Up",
			"indices": []
		},
		{
			"loop": false,
			"offsets": [
				0,
				0
			],
			"anim": "ohmygawd",
			"fps": 24,
			"name": "ohmygawd",
			"indices": []
		},
		{
			"loop": false,
			"offsets": [
				0,
				0
			],
			"anim": "ohmygawd-loop",
			"fps": 24,
			"name": "ohmygawd",
			"indices": [7, 8]
		}
	],
	"no_antialiasing": true,
	"image": "lullaby/bootleg/hentur",
	"position": [
		0,
		0
	],
	"healthicon": "hentur-pixel",
	"flip_x": false,
	"healthbar_colors": [
		0,
		173,
		255
	],
	"camera_position": [
		-180,
		90
	],
	"sing_duration": 4,
	"scale": 1
}