<?xml version="1.0" encoding="UTF-8"?>
<!-- Created with TexturePacker https://www.codeandweb.com/texturepacker -->
<!-- $TexturePacker:SmartUpdate:680dec913e658b2f27dc1ef4c5177610:686210c6e03137d7eacb685dfc32563a:77d471b62e8822cd5eda14b386576e52$ -->
<TextureAtlas imagePath="hentur.png" width="894" height="894">
    <SubTexture name="Down/000" x="0" y="0" width="111" height="103"/>
    <SubTexture name="Down/001" x="121" y="0" width="111" height="103"/>
    <SubTexture name="Down/002" x="242" y="0" width="111" height="103"/>
    <SubTexture name="Down/003" x="363" y="0" width="111" height="103"/>
    <SubTexture name="Down/004" x="484" y="0" width="111" height="103"/>
    <SubTexture name="Down/005" x="605" y="0" width="111" height="103"/>
    <SubTexture name="Down/006" x="726" y="0" width="111" height="103"/>
    <SubTexture name="Down/007" x="0" y="113" width="111" height="103"/>
    <SubTexture name="Idle/000" x="121" y="113" width="111" height="103"/>
    <SubTexture name="Idle/001" x="242" y="113" width="111" height="103"/>
    <SubTexture name="Idle/002" x="363" y="113" width="111" height="103"/>
    <SubTexture name="Idle/003" x="484" y="113" width="111" height="103"/>
    <SubTexture name="Idle/004" x="605" y="113" width="111" height="103"/>
    <SubTexture name="Idle/005" x="726" y="113" width="111" height="103"/>
    <SubTexture name="Idle/006" x="0" y="226" width="111" height="103"/>
    <SubTexture name="Idle/007" x="121" y="226" width="111" height="103"/>
    <SubTexture name="Idle/008" x="242" y="226" width="111" height="103"/>
    <SubTexture name="Idle/009" x="363" y="226" width="111" height="103"/>
    <SubTexture name="Idle/010" x="484" y="226" width="111" height="103"/>
    <SubTexture name="Left/000" x="605" y="226" width="111" height="103"/>
    <SubTexture name="Left/001" x="726" y="226" width="111" height="103"/>
    <SubTexture name="Left/002" x="0" y="339" width="111" height="103"/>
    <SubTexture name="Left/003" x="121" y="339" width="111" height="103"/>
    <SubTexture name="Left/004" x="242" y="339" width="111" height="103"/>
    <SubTexture name="Left/005" x="363" y="339" width="111" height="103"/>
    <SubTexture name="Left/006" x="484" y="339" width="111" height="103"/>
    <SubTexture name="Left/007" x="605" y="339" width="111" height="103"/>
    <SubTexture name="ohmygawd/000" x="726" y="339" width="111" height="103"/>
    <SubTexture name="ohmygawd/001" x="0" y="452" width="111" height="103"/>
    <SubTexture name="ohmygawd/002" x="121" y="452" width="111" height="103"/>
    <SubTexture name="ohmygawd/003" x="242" y="452" width="111" height="103"/>
    <SubTexture name="ohmygawd/004" x="363" y="452" width="111" height="103"/>
    <SubTexture name="ohmygawd/005" x="484" y="452" width="111" height="103"/>
    <SubTexture name="ohmygawd/006" x="605" y="452" width="111" height="103"/>
    <SubTexture name="ohmygawd/007" x="726" y="452" width="111" height="103"/>
    <SubTexture name="ohmygawd/008" x="0" y="565" width="111" height="103"/>
    <SubTexture name="Right/000" x="121" y="565" width="111" height="103"/>
    <SubTexture name="Right/001" x="242" y="565" width="111" height="103"/>
    <SubTexture name="Right/002" x="363" y="565" width="111" height="103"/>
    <SubTexture name="Right/003" x="484" y="565" width="111" height="103"/>
    <SubTexture name="Right/004" x="605" y="565" width="111" height="103"/>
    <SubTexture name="Right/005" x="726" y="565" width="111" height="103"/>
    <SubTexture name="Right/006" x="0" y="678" width="111" height="103"/>
    <SubTexture name="Right/007" x="121" y="678" width="111" height="103"/>
    <SubTexture name="Up/000" x="242" y="678" width="111" height="103"/>
    <SubTexture name="Up/001" x="363" y="678" width="111" height="103"/>
    <SubTexture name="Up/002" x="484" y="678" width="111" height="103"/>
    <SubTexture name="Up/003" x="605" y="678" width="111" height="103"/>
    <SubTexture name="Up/004" x="726" y="678" width="111" height="103"/>
    <SubTexture name="Up/005" x="0" y="791" width="111" height="103"/>
    <SubTexture name="Up/006" x="121" y="791" width="111" height="103"/>
    <SubTexture name="Up/007" x="242" y="791" width="111" height="103"/>
</TextureAtlas>
