{
	"animations": [
		{
			"offsets": [
				-67,
				0
			],
			"loop": false,
			"fps": 24,
			"anim": "singRIGHT",
			"indices": [],
			"name": "Left0"
		},
		{
			"offsets": [
				60,
				10
			],
			"loop": false,
			"fps": 24,
			"anim": "singLEFT",
			"indices": [],
			"name": "Right0"
		},
		{
			"offsets": [
				-14,
				-37
			],
			"loop": false,
			"fps": 24,
			"anim": "singDOWN",
			"indices": [],
			"name": "Down0"
		},
		{
			"offsets": [
				-51,
				26
			],
			"loop": false,
			"fps": 24,
			"anim": "singUP",
			"indices": [],
			"name": "Up0"
		},
		{
			"offsets": [
				-67,
				0
			],
			"loop": false,
			"fps": 24,
			"anim": "singRIGHTmiss",
			"indices": [],
			"name": "Left Miss"
		},
		{
			"offsets": [
				60,
				10
			],
			"loop": false,
			"fps": 24,
			"anim": "singLEFTmiss",
			"indices": [],
			"name": "Right Miss"
		},
		{
			"offsets": [
				-14,
				-27
			],
			"loop": false,
			"fps": 24,
			"anim": "singDOWNmiss",
			"indices": [],
			"name": "Down Miss"
		},
		{
			"offsets": [
				-61,
				26
			],
			"loop": false,
			"fps": 24,
			"anim": "singUPmiss",
			"indices": [],
			"name": "Up Miss"
		},
		{
			"loop": false,
			"offsets": [
				0,
				0
			],
			"anim": "idle",
			"fps": 24,
			"name": "Idle",
			"indices": []
		}
	],
	"no_antialiasing": false,
	"image": "characters/Tess_Lullaby",
	"position": [
		0,
		0
	],
	"healthicon": "gf2-concerned",
	"flip_x": true,
	"healthbar_colors": [
		115,
		0,
		165
	],
	"camera_position": [
		0,
		0
	],
	"sing_duration": 4,
	"scale": 1
}