﻿<?xml version="1.0" encoding="utf-8"?>
<TextureAtlas imagePath="Haunter.png">
	<!-- Created with Adobe Animate version 22.0.4.185 -->
	<!-- http://www.adobe.com/products/animate.html -->
	<SubTexture name="Down0000" x="0" y="0" width="939" height="503" frameX="-3" frameY="-40" frameWidth="954" frameHeight="543"/>
	<SubTexture name="Down0001" x="0" y="0" width="939" height="503" frameX="-3" frameY="-40" frameWidth="954" frameHeight="543"/>
	<SubTexture name="Down0002" x="0" y="0" width="939" height="503" frameX="-3" frameY="-40" frameWidth="954" frameHeight="543"/>
	<SubTexture name="Down0003" x="949" y="0" width="947" height="525" frameX="0" frameY="-18" frameWidth="954" frameHeight="543"/>
	<SubTexture name="Down0004" x="1906" y="0" width="951" height="543" frameX="-3" frameY="0" frameWidth="954" frameHeight="543"/>
	<SubTexture name="Down0005" x="1906" y="0" width="951" height="543" frameX="-3" frameY="0" frameWidth="954" frameHeight="543"/>
	<SubTexture name="Down0006" x="1906" y="0" width="951" height="543" frameX="-3" frameY="0" frameWidth="954" frameHeight="543"/>
	<SubTexture name="Down0007" x="1906" y="0" width="951" height="543" frameX="-3" frameY="0" frameWidth="954" frameHeight="543"/>
	<SubTexture name="Down0008" x="1906" y="0" width="951" height="543" frameX="-3" frameY="0" frameWidth="954" frameHeight="543"/>
	<SubTexture name="Down0009" x="1906" y="0" width="951" height="543" frameX="-3" frameY="0" frameWidth="954" frameHeight="543"/>
	<SubTexture name="Down0010" x="1906" y="0" width="951" height="543" frameX="-3" frameY="0" frameWidth="954" frameHeight="543"/>
	<SubTexture name="Down0011" x="1906" y="0" width="951" height="543" frameX="-3" frameY="0" frameWidth="954" frameHeight="543"/>
	<SubTexture name="Down0012" x="1906" y="0" width="951" height="543" frameX="-3" frameY="0" frameWidth="954" frameHeight="543"/>
	<SubTexture name="Down0013" x="1906" y="0" width="951" height="543" frameX="-3" frameY="0" frameWidth="954" frameHeight="543"/>
	<SubTexture name="Down0014" x="1906" y="0" width="951" height="543" frameX="-3" frameY="0" frameWidth="954" frameHeight="543"/>
	<SubTexture name="Idle0000" x="2867" y="0" width="662" height="544" frameX="0" frameY="-45" frameWidth="662" frameHeight="589"/>
	<SubTexture name="Idle0001" x="2867" y="0" width="662" height="544" frameX="0" frameY="-45" frameWidth="662" frameHeight="589"/>
	<SubTexture name="Idle0002" x="2867" y="0" width="662" height="544" frameX="0" frameY="-45" frameWidth="662" frameHeight="589"/>
	<SubTexture name="Idle0003" x="0" y="554" width="640" height="562" frameX="-9" frameY="-27" frameWidth="662" frameHeight="589"/>
	<SubTexture name="Idle0004" x="650" y="554" width="636" height="562" frameX="-9" frameY="-27" frameWidth="662" frameHeight="589"/>
	<SubTexture name="Idle0005" x="1296" y="554" width="631" height="562" frameX="-9" frameY="-27" frameWidth="662" frameHeight="589"/>
	<SubTexture name="Idle0006" x="1937" y="554" width="617" height="579" frameX="-14" frameY="-10" frameWidth="662" frameHeight="589"/>
	<SubTexture name="Idle0007" x="2564" y="554" width="614" height="584" frameX="-17" frameY="-5" frameWidth="662" frameHeight="589"/>
	<SubTexture name="Idle0008" x="3188" y="554" width="612" height="587" frameX="-19" frameY="-2" frameWidth="662" frameHeight="589"/>
	<SubTexture name="Idle0009" x="0" y="1151" width="600" height="589" frameX="-23" frameY="0" frameWidth="662" frameHeight="589"/>
	<SubTexture name="Idle0010" x="0" y="1151" width="600" height="589" frameX="-23" frameY="0" frameWidth="662" frameHeight="589"/>
	<SubTexture name="Idle0011" x="0" y="1151" width="600" height="589" frameX="-23" frameY="0" frameWidth="662" frameHeight="589"/>
	<SubTexture name="Idle0012" x="0" y="1151" width="600" height="589" frameX="-23" frameY="0" frameWidth="662" frameHeight="589"/>
	<SubTexture name="Idle0013" x="0" y="1151" width="600" height="589" frameX="-23" frameY="0" frameWidth="662" frameHeight="589"/>
	<SubTexture name="Idle0014" x="0" y="1151" width="600" height="589" frameX="-23" frameY="0" frameWidth="662" frameHeight="589"/>
	<SubTexture name="Idle0015" x="0" y="1151" width="600" height="589" frameX="-23" frameY="0" frameWidth="662" frameHeight="589"/>
	<SubTexture name="Idle0016" x="0" y="1151" width="600" height="589" frameX="-23" frameY="0" frameWidth="662" frameHeight="589"/>
	<SubTexture name="Idle0017" x="0" y="1151" width="600" height="589" frameX="-23" frameY="0" frameWidth="662" frameHeight="589"/>
	<SubTexture name="Idle0018" x="0" y="1151" width="600" height="589" frameX="-23" frameY="0" frameWidth="662" frameHeight="589"/>
	<SubTexture name="Idle0019" x="0" y="1151" width="600" height="589" frameX="-23" frameY="0" frameWidth="662" frameHeight="589"/>
	<SubTexture name="Idle0020" x="0" y="1151" width="600" height="589" frameX="-23" frameY="0" frameWidth="662" frameHeight="589"/>
	<SubTexture name="Idle0021" x="0" y="1151" width="600" height="589" frameX="-23" frameY="0" frameWidth="662" frameHeight="589"/>
	<SubTexture name="Left0000" x="610" y="1151" width="882" height="644"/>
	<SubTexture name="Left0001" x="610" y="1151" width="882" height="644"/>
	<SubTexture name="Left0002" x="610" y="1151" width="882" height="644"/>
	<SubTexture name="Left0003" x="1502" y="1151" width="852" height="621" frameX="-17" frameY="-13" frameWidth="882" frameHeight="644"/>
	<SubTexture name="Left0004" x="2364" y="1151" width="821" height="590" frameX="-31" frameY="-31" frameWidth="882" frameHeight="644"/>
	<SubTexture name="Left0005" x="2364" y="1151" width="821" height="590" frameX="-31" frameY="-31" frameWidth="882" frameHeight="644"/>
	<SubTexture name="Left0006" x="2364" y="1151" width="821" height="590" frameX="-31" frameY="-31" frameWidth="882" frameHeight="644"/>
	<SubTexture name="Left0007" x="2364" y="1151" width="821" height="590" frameX="-31" frameY="-31" frameWidth="882" frameHeight="644"/>
	<SubTexture name="Left0008" x="2364" y="1151" width="821" height="590" frameX="-31" frameY="-31" frameWidth="882" frameHeight="644"/>
	<SubTexture name="Left0009" x="2364" y="1151" width="821" height="590" frameX="-31" frameY="-31" frameWidth="882" frameHeight="644"/>
	<SubTexture name="Left0010" x="2364" y="1151" width="821" height="590" frameX="-31" frameY="-31" frameWidth="882" frameHeight="644"/>
	<SubTexture name="Left0011" x="2364" y="1151" width="821" height="590" frameX="-31" frameY="-31" frameWidth="882" frameHeight="644"/>
	<SubTexture name="Left0012" x="2364" y="1151" width="821" height="590" frameX="-31" frameY="-31" frameWidth="882" frameHeight="644"/>
	<SubTexture name="Left0013" x="2364" y="1151" width="821" height="590" frameX="-31" frameY="-31" frameWidth="882" frameHeight="644"/>
	<SubTexture name="Left0014" x="2364" y="1151" width="821" height="590" frameX="-31" frameY="-31" frameWidth="882" frameHeight="644"/>
	<SubTexture name="Right0000" x="3195" y="1151" width="731" height="734" frameX="-44" frameY="0" frameWidth="775" frameHeight="734"/>
	<SubTexture name="Right0001" x="0" y="1895" width="731" height="732" frameX="-44" frameY="0" frameWidth="775" frameHeight="734"/>
	<SubTexture name="Right0002" x="741" y="1895" width="731" height="734" frameX="-44" frameY="0" frameWidth="775" frameHeight="734"/>
	<SubTexture name="Right0003" x="1482" y="1895" width="698" height="678" frameX="-34" frameY="-21" frameWidth="775" frameHeight="734"/>
	<SubTexture name="Right0004" x="2190" y="1895" width="716" height="607" frameX="0" frameY="-45" frameWidth="775" frameHeight="734"/>
	<SubTexture name="Right0005" x="2916" y="1895" width="707" height="607" frameX="0" frameY="-45" frameWidth="775" frameHeight="734"/>
	<SubTexture name="Right0006" x="0" y="2639" width="704" height="605" frameX="0" frameY="-45" frameWidth="775" frameHeight="734"/>
	<SubTexture name="Right0007" x="2190" y="1895" width="716" height="607" frameX="0" frameY="-45" frameWidth="775" frameHeight="734"/>
	<SubTexture name="Right0008" x="2916" y="1895" width="707" height="607" frameX="0" frameY="-45" frameWidth="775" frameHeight="734"/>
	<SubTexture name="Right0009" x="0" y="2639" width="704" height="605" frameX="0" frameY="-45" frameWidth="775" frameHeight="734"/>
	<SubTexture name="Right0010" x="2190" y="1895" width="716" height="607" frameX="0" frameY="-45" frameWidth="775" frameHeight="734"/>
	<SubTexture name="Right0011" x="2916" y="1895" width="707" height="607" frameX="0" frameY="-45" frameWidth="775" frameHeight="734"/>
	<SubTexture name="Right0012" x="0" y="2639" width="704" height="605" frameX="0" frameY="-45" frameWidth="775" frameHeight="734"/>
	<SubTexture name="Right0013" x="2190" y="1895" width="716" height="607" frameX="0" frameY="-45" frameWidth="775" frameHeight="734"/>
	<SubTexture name="Right0014" x="2916" y="1895" width="707" height="607" frameX="0" frameY="-45" frameWidth="775" frameHeight="734"/>
	<SubTexture name="Up0000" x="714" y="2639" width="621" height="744" frameX="-22" frameY="0" frameWidth="668" frameHeight="747"/>
	<SubTexture name="Up0001" x="714" y="2639" width="621" height="744" frameX="-22" frameY="0" frameWidth="668" frameHeight="747"/>
	<SubTexture name="Up0002" x="714" y="2639" width="621" height="744" frameX="-22" frameY="0" frameWidth="668" frameHeight="747"/>
	<SubTexture name="Up0003" x="1345" y="2639" width="647" height="725" frameX="-8" frameY="-20" frameWidth="668" frameHeight="747"/>
	<SubTexture name="Up0004" x="2002" y="2639" width="668" height="710" frameX="0" frameY="-37" frameWidth="668" frameHeight="747"/>
	<SubTexture name="Up0005" x="2002" y="2639" width="668" height="710" frameX="0" frameY="-37" frameWidth="668" frameHeight="747"/>
	<SubTexture name="Up0006" x="2002" y="2639" width="668" height="710" frameX="0" frameY="-37" frameWidth="668" frameHeight="747"/>
	<SubTexture name="Up0007" x="2002" y="2639" width="668" height="710" frameX="0" frameY="-37" frameWidth="668" frameHeight="747"/>
	<SubTexture name="Up0008" x="2002" y="2639" width="668" height="710" frameX="0" frameY="-37" frameWidth="668" frameHeight="747"/>
	<SubTexture name="Up0009" x="2002" y="2639" width="668" height="710" frameX="0" frameY="-37" frameWidth="668" frameHeight="747"/>
	<SubTexture name="Up0010" x="2002" y="2639" width="668" height="710" frameX="0" frameY="-37" frameWidth="668" frameHeight="747"/>
	<SubTexture name="Up0011" x="2002" y="2639" width="668" height="710" frameX="0" frameY="-37" frameWidth="668" frameHeight="747"/>
	<SubTexture name="Up0012" x="2002" y="2639" width="668" height="710" frameX="0" frameY="-37" frameWidth="668" frameHeight="747"/>
	<SubTexture name="Up0013" x="2002" y="2639" width="668" height="710" frameX="0" frameY="-37" frameWidth="668" frameHeight="747"/>
	<SubTexture name="Up0014" x="2002" y="2639" width="668" height="710" frameX="0" frameY="-37" frameWidth="668" frameHeight="747"/>
</TextureAtlas>
