﻿<?xml version="1.0" encoding="utf-8"?>
<TextureAtlas imagePath="Tess_Lullaby.png">
	<!-- Created with Adobe Animate version 22.0.4.185 -->
	<!-- http://www.adobe.com/products/animate.html -->
	<SubTexture name="Down0000" x="0" y="0" width="366" height="436" frameX="0" frameY="-17" frameWidth="366" frameHeight="453"/>
	<SubTexture name="Down0001" x="0" y="0" width="366" height="436" frameX="0" frameY="-17" frameWidth="366" frameHeight="453"/>
	<SubTexture name="Down0002" x="0" y="0" width="366" height="436" frameX="0" frameY="-17" frameWidth="366" frameHeight="453"/>
	<SubTexture name="Down0003" x="376" y="0" width="366" height="436" frameX="0" frameY="-17" frameWidth="366" frameHeight="453"/>
	<SubTexture name="Down0004" x="752" y="0" width="348" height="453" frameX="-9" frameY="0" frameWidth="366" frameHeight="453"/>
	<SubTexture name="Down0005" x="752" y="0" width="348" height="453" frameX="-9" frameY="0" frameWidth="366" frameHeight="453"/>
	<SubTexture name="Down0006" x="752" y="0" width="348" height="453" frameX="-9" frameY="0" frameWidth="366" frameHeight="453"/>
	<SubTexture name="Down0007" x="752" y="0" width="348" height="453" frameX="-9" frameY="0" frameWidth="366" frameHeight="453"/>
	<SubTexture name="Down0008" x="752" y="0" width="348" height="453" frameX="-9" frameY="0" frameWidth="366" frameHeight="453"/>
	<SubTexture name="Down0009" x="752" y="0" width="348" height="453" frameX="-9" frameY="0" frameWidth="366" frameHeight="453"/>
	<SubTexture name="Down0010" x="752" y="0" width="348" height="453" frameX="-9" frameY="0" frameWidth="366" frameHeight="453"/>
	<SubTexture name="Down0011" x="752" y="0" width="348" height="453" frameX="-9" frameY="0" frameWidth="366" frameHeight="453"/>
	<SubTexture name="Down0012" x="752" y="0" width="348" height="453" frameX="-9" frameY="0" frameWidth="366" frameHeight="453"/>
	<SubTexture name="Down0013" x="752" y="0" width="348" height="453" frameX="-9" frameY="0" frameWidth="366" frameHeight="453"/>
	<SubTexture name="Down0014" x="752" y="0" width="348" height="453" frameX="-9" frameY="0" frameWidth="366" frameHeight="453"/>
	<SubTexture name="Down0015" x="752" y="0" width="348" height="453" frameX="-9" frameY="0" frameWidth="366" frameHeight="453"/>
	<SubTexture name="Down0016" x="752" y="0" width="348" height="453" frameX="-9" frameY="0" frameWidth="366" frameHeight="453"/>
	<SubTexture name="Down Miss0000" x="1110" y="0" width="366" height="436" frameX="0" frameY="-17" frameWidth="366" frameHeight="453"/>
	<SubTexture name="Down Miss0001" x="1110" y="0" width="366" height="436" frameX="0" frameY="-17" frameWidth="366" frameHeight="453"/>
	<SubTexture name="Down Miss0002" x="1110" y="0" width="366" height="436" frameX="0" frameY="-17" frameWidth="366" frameHeight="453"/>
	<SubTexture name="Down Miss0003" x="1110" y="0" width="366" height="436" frameX="0" frameY="-17" frameWidth="366" frameHeight="453"/>
	<SubTexture name="Down Miss0004" x="1486" y="0" width="348" height="453" frameX="-9" frameY="0" frameWidth="366" frameHeight="453"/>
	<SubTexture name="Down Miss0005" x="1486" y="0" width="348" height="453" frameX="-9" frameY="0" frameWidth="366" frameHeight="453"/>
	<SubTexture name="Down Miss0006" x="1486" y="0" width="348" height="453" frameX="-9" frameY="0" frameWidth="366" frameHeight="453"/>
	<SubTexture name="Down Miss0007" x="1486" y="0" width="348" height="453" frameX="-9" frameY="0" frameWidth="366" frameHeight="453"/>
	<SubTexture name="Down Miss0008" x="1486" y="0" width="348" height="453" frameX="-9" frameY="0" frameWidth="366" frameHeight="453"/>
	<SubTexture name="Down Miss0009" x="1486" y="0" width="348" height="453" frameX="-9" frameY="0" frameWidth="366" frameHeight="453"/>
	<SubTexture name="Down Miss0010" x="1486" y="0" width="348" height="453" frameX="-9" frameY="0" frameWidth="366" frameHeight="453"/>
	<SubTexture name="Down Miss0011" x="1486" y="0" width="348" height="453" frameX="-9" frameY="0" frameWidth="366" frameHeight="453"/>
	<SubTexture name="Down Miss0012" x="1486" y="0" width="348" height="453" frameX="-9" frameY="0" frameWidth="366" frameHeight="453"/>
	<SubTexture name="Down Miss0013" x="1486" y="0" width="348" height="453" frameX="-9" frameY="0" frameWidth="366" frameHeight="453"/>
	<SubTexture name="Down Miss0014" x="1486" y="0" width="348" height="453" frameX="-9" frameY="0" frameWidth="366" frameHeight="453"/>
	<SubTexture name="Down Miss0015" x="1486" y="0" width="348" height="453" frameX="-9" frameY="0" frameWidth="366" frameHeight="453"/>
	<SubTexture name="Idle0000" x="1844" y="0" width="374" height="467" frameX="0" frameY="-14" frameWidth="403" frameHeight="481"/>
	<SubTexture name="Idle0001" x="1844" y="0" width="374" height="467" frameX="0" frameY="-14" frameWidth="403" frameHeight="481"/>
	<SubTexture name="Idle0002" x="2228" y="0" width="382" height="477" frameX="-11" frameY="-4" frameWidth="403" frameHeight="481"/>
	<SubTexture name="Idle0003" x="2620" y="0" width="388" height="471" frameX="-15" frameY="-9" frameWidth="403" frameHeight="481"/>
	<SubTexture name="Idle0004" x="3018" y="0" width="359" height="481" frameX="-30" frameY="0" frameWidth="403" frameHeight="481"/>
	<SubTexture name="Idle0005" x="3387" y="0" width="362" height="478" frameX="-31" frameY="-2" frameWidth="403" frameHeight="481"/>
	<SubTexture name="Idle0006" x="0" y="491" width="348" height="479" frameX="-38" frameY="-2" frameWidth="403" frameHeight="481"/>
	<SubTexture name="Idle0007" x="0" y="491" width="348" height="479" frameX="-38" frameY="-2" frameWidth="403" frameHeight="481"/>
	<SubTexture name="Idle0008" x="0" y="491" width="348" height="479" frameX="-38" frameY="-2" frameWidth="403" frameHeight="481"/>
	<SubTexture name="Idle0009" x="0" y="491" width="348" height="479" frameX="-38" frameY="-2" frameWidth="403" frameHeight="481"/>
	<SubTexture name="Idle0010" x="0" y="491" width="348" height="479" frameX="-38" frameY="-2" frameWidth="403" frameHeight="481"/>
	<SubTexture name="Idle0011" x="0" y="491" width="348" height="479" frameX="-38" frameY="-2" frameWidth="403" frameHeight="481"/>
	<SubTexture name="Idle0012" x="0" y="491" width="348" height="479" frameX="-38" frameY="-2" frameWidth="403" frameHeight="481"/>
	<SubTexture name="Idle0013" x="0" y="491" width="348" height="479" frameX="-38" frameY="-2" frameWidth="403" frameHeight="481"/>
	<SubTexture name="Idle0014" x="0" y="491" width="348" height="479" frameX="-38" frameY="-2" frameWidth="403" frameHeight="481"/>
	<SubTexture name="Idle0015" x="0" y="491" width="348" height="479" frameX="-38" frameY="-2" frameWidth="403" frameHeight="481"/>
	<SubTexture name="Idle0016" x="0" y="491" width="348" height="479" frameX="-38" frameY="-2" frameWidth="403" frameHeight="481"/>
	<SubTexture name="Idle0017" x="0" y="491" width="348" height="479" frameX="-38" frameY="-2" frameWidth="403" frameHeight="481"/>
	<SubTexture name="Idle0018" x="0" y="491" width="348" height="479" frameX="-38" frameY="-2" frameWidth="403" frameHeight="481"/>
	<SubTexture name="Idle0019" x="0" y="491" width="348" height="479" frameX="-38" frameY="-2" frameWidth="403" frameHeight="481"/>
	<SubTexture name="Left0000" x="358" y="491" width="401" height="479"/>
	<SubTexture name="Left0001" x="358" y="491" width="401" height="479"/>
	<SubTexture name="Left0002" x="358" y="491" width="401" height="479"/>
	<SubTexture name="Left0003" x="769" y="491" width="401" height="479"/>
	<SubTexture name="Left0004" x="1180" y="491" width="374" height="466" frameX="-11" frameY="-13" frameWidth="401" frameHeight="479"/>
	<SubTexture name="Left0005" x="1180" y="491" width="374" height="466" frameX="-11" frameY="-13" frameWidth="401" frameHeight="479"/>
	<SubTexture name="Left0006" x="1180" y="491" width="374" height="466" frameX="-11" frameY="-13" frameWidth="401" frameHeight="479"/>
	<SubTexture name="Left0007" x="1180" y="491" width="374" height="466" frameX="-11" frameY="-13" frameWidth="401" frameHeight="479"/>
	<SubTexture name="Left0008" x="1180" y="491" width="374" height="466" frameX="-11" frameY="-13" frameWidth="401" frameHeight="479"/>
	<SubTexture name="Left0009" x="1180" y="491" width="374" height="466" frameX="-11" frameY="-13" frameWidth="401" frameHeight="479"/>
	<SubTexture name="Left0010" x="1180" y="491" width="374" height="466" frameX="-11" frameY="-13" frameWidth="401" frameHeight="479"/>
	<SubTexture name="Left0011" x="1180" y="491" width="374" height="466" frameX="-11" frameY="-13" frameWidth="401" frameHeight="479"/>
	<SubTexture name="Left0012" x="1180" y="491" width="374" height="466" frameX="-11" frameY="-13" frameWidth="401" frameHeight="479"/>
	<SubTexture name="Left0013" x="1180" y="491" width="374" height="466" frameX="-11" frameY="-13" frameWidth="401" frameHeight="479"/>
	<SubTexture name="Left0014" x="1180" y="491" width="374" height="466" frameX="-11" frameY="-13" frameWidth="401" frameHeight="479"/>
	<SubTexture name="Left0015" x="1180" y="491" width="374" height="466" frameX="-11" frameY="-13" frameWidth="401" frameHeight="479"/>
	<SubTexture name="Left0016" x="1180" y="491" width="374" height="466" frameX="-11" frameY="-13" frameWidth="401" frameHeight="479"/>
	<SubTexture name="Left Miss0000" x="1564" y="491" width="401" height="479"/>
	<SubTexture name="Left Miss0001" x="1564" y="491" width="401" height="479"/>
	<SubTexture name="Left Miss0002" x="1564" y="491" width="401" height="479"/>
	<SubTexture name="Left Miss0003" x="1564" y="491" width="401" height="479"/>
	<SubTexture name="Left Miss0004" x="1975" y="491" width="374" height="466" frameX="-11" frameY="-13" frameWidth="401" frameHeight="479"/>
	<SubTexture name="Left Miss0005" x="1975" y="491" width="374" height="466" frameX="-11" frameY="-13" frameWidth="401" frameHeight="479"/>
	<SubTexture name="Left Miss0006" x="1975" y="491" width="374" height="466" frameX="-11" frameY="-13" frameWidth="401" frameHeight="479"/>
	<SubTexture name="Left Miss0007" x="1975" y="491" width="374" height="466" frameX="-11" frameY="-13" frameWidth="401" frameHeight="479"/>
	<SubTexture name="Left Miss0008" x="1975" y="491" width="374" height="466" frameX="-11" frameY="-13" frameWidth="401" frameHeight="479"/>
	<SubTexture name="Left Miss0009" x="1975" y="491" width="374" height="466" frameX="-11" frameY="-13" frameWidth="401" frameHeight="479"/>
	<SubTexture name="Left Miss0010" x="1975" y="491" width="374" height="466" frameX="-11" frameY="-13" frameWidth="401" frameHeight="479"/>
	<SubTexture name="Left Miss0011" x="1975" y="491" width="374" height="466" frameX="-11" frameY="-13" frameWidth="401" frameHeight="479"/>
	<SubTexture name="Left Miss0012" x="1975" y="491" width="374" height="466" frameX="-11" frameY="-13" frameWidth="401" frameHeight="479"/>
	<SubTexture name="Left Miss0013" x="1975" y="491" width="374" height="466" frameX="-11" frameY="-13" frameWidth="401" frameHeight="479"/>
	<SubTexture name="Left Miss0014" x="1975" y="491" width="374" height="466" frameX="-11" frameY="-13" frameWidth="401" frameHeight="479"/>
	<SubTexture name="Left Miss0015" x="1975" y="491" width="374" height="466" frameX="-11" frameY="-13" frameWidth="401" frameHeight="479"/>
	<SubTexture name="Right0000" x="2359" y="491" width="340" height="494" frameX="0" frameY="0" frameWidth="368" frameHeight="494"/>
	<SubTexture name="Right0001" x="2359" y="491" width="340" height="494" frameX="0" frameY="0" frameWidth="368" frameHeight="494"/>
	<SubTexture name="Right0002" x="2359" y="491" width="340" height="494" frameX="0" frameY="0" frameWidth="368" frameHeight="494"/>
	<SubTexture name="Right0003" x="2709" y="491" width="340" height="494" frameX="0" frameY="0" frameWidth="368" frameHeight="494"/>
	<SubTexture name="Right0004" x="3059" y="491" width="348" height="481" frameX="-20" frameY="-13" frameWidth="368" frameHeight="494"/>
	<SubTexture name="Right0005" x="3059" y="491" width="348" height="481" frameX="-20" frameY="-13" frameWidth="368" frameHeight="494"/>
	<SubTexture name="Right0006" x="3059" y="491" width="348" height="481" frameX="-20" frameY="-13" frameWidth="368" frameHeight="494"/>
	<SubTexture name="Right0007" x="3059" y="491" width="348" height="481" frameX="-20" frameY="-13" frameWidth="368" frameHeight="494"/>
	<SubTexture name="Right0008" x="3059" y="491" width="348" height="481" frameX="-20" frameY="-13" frameWidth="368" frameHeight="494"/>
	<SubTexture name="Right0009" x="3059" y="491" width="348" height="481" frameX="-20" frameY="-13" frameWidth="368" frameHeight="494"/>
	<SubTexture name="Right0010" x="3059" y="491" width="348" height="481" frameX="-20" frameY="-13" frameWidth="368" frameHeight="494"/>
	<SubTexture name="Right0011" x="3059" y="491" width="348" height="481" frameX="-20" frameY="-13" frameWidth="368" frameHeight="494"/>
	<SubTexture name="Right0012" x="3059" y="491" width="348" height="481" frameX="-20" frameY="-13" frameWidth="368" frameHeight="494"/>
	<SubTexture name="Right0013" x="3059" y="491" width="348" height="481" frameX="-20" frameY="-13" frameWidth="368" frameHeight="494"/>
	<SubTexture name="Right0014" x="3059" y="491" width="348" height="481" frameX="-20" frameY="-13" frameWidth="368" frameHeight="494"/>
	<SubTexture name="Right0015" x="3059" y="491" width="348" height="481" frameX="-20" frameY="-13" frameWidth="368" frameHeight="494"/>
	<SubTexture name="Right0016" x="3059" y="491" width="348" height="481" frameX="-20" frameY="-13" frameWidth="368" frameHeight="494"/>
	<SubTexture name="Right Miss0000" x="3417" y="491" width="340" height="494" frameX="0" frameY="0" frameWidth="368" frameHeight="494"/>
	<SubTexture name="Right Miss0001" x="3417" y="491" width="340" height="494" frameX="0" frameY="0" frameWidth="368" frameHeight="494"/>
	<SubTexture name="Right Miss0002" x="3417" y="491" width="340" height="494" frameX="0" frameY="0" frameWidth="368" frameHeight="494"/>
	<SubTexture name="Right Miss0003" x="3417" y="491" width="340" height="494" frameX="0" frameY="0" frameWidth="368" frameHeight="494"/>
	<SubTexture name="Right Miss0004" x="0" y="995" width="348" height="481" frameX="-20" frameY="-13" frameWidth="368" frameHeight="494"/>
	<SubTexture name="Right Miss0005" x="0" y="995" width="348" height="481" frameX="-20" frameY="-13" frameWidth="368" frameHeight="494"/>
	<SubTexture name="Right Miss0006" x="0" y="995" width="348" height="481" frameX="-20" frameY="-13" frameWidth="368" frameHeight="494"/>
	<SubTexture name="Right Miss0007" x="0" y="995" width="348" height="481" frameX="-20" frameY="-13" frameWidth="368" frameHeight="494"/>
	<SubTexture name="Right Miss0008" x="0" y="995" width="348" height="481" frameX="-20" frameY="-13" frameWidth="368" frameHeight="494"/>
	<SubTexture name="Right Miss0009" x="0" y="995" width="348" height="481" frameX="-20" frameY="-13" frameWidth="368" frameHeight="494"/>
	<SubTexture name="Right Miss0010" x="0" y="995" width="348" height="481" frameX="-20" frameY="-13" frameWidth="368" frameHeight="494"/>
	<SubTexture name="Right Miss0011" x="0" y="995" width="348" height="481" frameX="-20" frameY="-13" frameWidth="368" frameHeight="494"/>
	<SubTexture name="Right Miss0012" x="0" y="995" width="348" height="481" frameX="-20" frameY="-13" frameWidth="368" frameHeight="494"/>
	<SubTexture name="Right Miss0013" x="0" y="995" width="348" height="481" frameX="-20" frameY="-13" frameWidth="368" frameHeight="494"/>
	<SubTexture name="Right Miss0014" x="0" y="995" width="348" height="481" frameX="-20" frameY="-13" frameWidth="368" frameHeight="494"/>
	<SubTexture name="Right Miss0015" x="0" y="995" width="348" height="481" frameX="-20" frameY="-13" frameWidth="368" frameHeight="494"/>
	<SubTexture name="Up0000" x="358" y="995" width="303" height="505" frameX="-19" frameY="0" frameWidth="341" frameHeight="505"/>
	<SubTexture name="Up0001" x="358" y="995" width="303" height="505" frameX="-19" frameY="0" frameWidth="341" frameHeight="505"/>
	<SubTexture name="Up0002" x="358" y="995" width="303" height="505" frameX="-19" frameY="0" frameWidth="341" frameHeight="505"/>
	<SubTexture name="Up0003" x="671" y="995" width="303" height="505" frameX="-19" frameY="0" frameWidth="341" frameHeight="505"/>
	<SubTexture name="Up0004" x="984" y="995" width="341" height="479" frameX="0" frameY="-26" frameWidth="341" frameHeight="505"/>
	<SubTexture name="Up0005" x="984" y="995" width="341" height="479" frameX="0" frameY="-26" frameWidth="341" frameHeight="505"/>
	<SubTexture name="Up0006" x="984" y="995" width="341" height="479" frameX="0" frameY="-26" frameWidth="341" frameHeight="505"/>
	<SubTexture name="Up0007" x="984" y="995" width="341" height="479" frameX="0" frameY="-26" frameWidth="341" frameHeight="505"/>
	<SubTexture name="Up0008" x="984" y="995" width="341" height="479" frameX="0" frameY="-26" frameWidth="341" frameHeight="505"/>
	<SubTexture name="Up0009" x="984" y="995" width="341" height="479" frameX="0" frameY="-26" frameWidth="341" frameHeight="505"/>
	<SubTexture name="Up0010" x="984" y="995" width="341" height="479" frameX="0" frameY="-26" frameWidth="341" frameHeight="505"/>
	<SubTexture name="Up0011" x="984" y="995" width="341" height="479" frameX="0" frameY="-26" frameWidth="341" frameHeight="505"/>
	<SubTexture name="Up0012" x="984" y="995" width="341" height="479" frameX="0" frameY="-26" frameWidth="341" frameHeight="505"/>
	<SubTexture name="Up0013" x="984" y="995" width="341" height="479" frameX="0" frameY="-26" frameWidth="341" frameHeight="505"/>
	<SubTexture name="Up0014" x="984" y="995" width="341" height="479" frameX="0" frameY="-26" frameWidth="341" frameHeight="505"/>
	<SubTexture name="Up0015" x="984" y="995" width="341" height="479" frameX="0" frameY="-26" frameWidth="341" frameHeight="505"/>
	<SubTexture name="Up0016" x="984" y="995" width="341" height="479" frameX="0" frameY="-26" frameWidth="341" frameHeight="505"/>
	<SubTexture name="Up Miss0000" x="1335" y="995" width="303" height="505" frameX="-19" frameY="0" frameWidth="341" frameHeight="505"/>
	<SubTexture name="Up Miss0001" x="1335" y="995" width="303" height="505" frameX="-19" frameY="0" frameWidth="341" frameHeight="505"/>
	<SubTexture name="Up Miss0002" x="1335" y="995" width="303" height="505" frameX="-19" frameY="0" frameWidth="341" frameHeight="505"/>
	<SubTexture name="Up Miss0003" x="1335" y="995" width="303" height="505" frameX="-19" frameY="0" frameWidth="341" frameHeight="505"/>
	<SubTexture name="Up Miss0004" x="1648" y="995" width="341" height="479" frameX="0" frameY="-26" frameWidth="341" frameHeight="505"/>
	<SubTexture name="Up Miss0005" x="1648" y="995" width="341" height="479" frameX="0" frameY="-26" frameWidth="341" frameHeight="505"/>
	<SubTexture name="Up Miss0006" x="1648" y="995" width="341" height="479" frameX="0" frameY="-26" frameWidth="341" frameHeight="505"/>
	<SubTexture name="Up Miss0007" x="1648" y="995" width="341" height="479" frameX="0" frameY="-26" frameWidth="341" frameHeight="505"/>
	<SubTexture name="Up Miss0008" x="1648" y="995" width="341" height="479" frameX="0" frameY="-26" frameWidth="341" frameHeight="505"/>
	<SubTexture name="Up Miss0009" x="1648" y="995" width="341" height="479" frameX="0" frameY="-26" frameWidth="341" frameHeight="505"/>
	<SubTexture name="Up Miss0010" x="1648" y="995" width="341" height="479" frameX="0" frameY="-26" frameWidth="341" frameHeight="505"/>
	<SubTexture name="Up Miss0011" x="1648" y="995" width="341" height="479" frameX="0" frameY="-26" frameWidth="341" frameHeight="505"/>
	<SubTexture name="Up Miss0012" x="1648" y="995" width="341" height="479" frameX="0" frameY="-26" frameWidth="341" frameHeight="505"/>
	<SubTexture name="Up Miss0013" x="1648" y="995" width="341" height="479" frameX="0" frameY="-26" frameWidth="341" frameHeight="505"/>
	<SubTexture name="Up Miss0014" x="1648" y="995" width="341" height="479" frameX="0" frameY="-26" frameWidth="341" frameHeight="505"/>
	<SubTexture name="Up Miss0015" x="1648" y="995" width="341" height="479" frameX="0" frameY="-26" frameWidth="341" frameHeight="505"/>
</TextureAtlas>
