﻿<?xml version="1.0" encoding="utf-8"?>
<TextureAtlas imagePath="Haunter.png">
	<!-- Created with Adobe Animate version 22.0.4.185 -->
	<!-- http://www.adobe.com/products/animate.html -->
	<SubTexture name="blue0000" x="0" y="0" width="157" height="154"/>
	<SubTexture name="blue0001" x="167" y="0" width="157" height="154"/>
	<SubTexture name="blue0002" x="334" y="0" width="157" height="154"/>
	<SubTexture name="blue0003" x="501" y="0" width="157" height="154"/>
	<SubTexture name="blue0004" x="668" y="0" width="157" height="154"/>
	<SubTexture name="blue0005" x="835" y="0" width="157" height="154"/>
	<SubTexture name="blue0006" x="0" y="164" width="157" height="154"/>
	<SubTexture name="blue0007" x="167" y="164" width="157" height="154"/>
	<SubTexture name="blue0008" x="334" y="164" width="157" height="154"/>
	<SubTexture name="blue0009" x="0" y="0" width="157" height="154"/>
	<SubTexture name="green0000" x="501" y="164" width="157" height="154"/>
	<SubTexture name="green0001" x="668" y="164" width="157" height="154"/>
	<SubTexture name="green0002" x="835" y="164" width="157" height="154"/>
	<SubTexture name="green0003" x="0" y="328" width="157" height="154"/>
	<SubTexture name="green0004" x="167" y="328" width="157" height="154"/>
	<SubTexture name="green0005" x="334" y="328" width="157" height="154"/>
	<SubTexture name="green0006" x="501" y="328" width="157" height="154"/>
	<SubTexture name="green0007" x="668" y="328" width="157" height="154"/>
	<SubTexture name="green0008" x="835" y="328" width="157" height="154"/>
	<SubTexture name="green0009" x="501" y="164" width="157" height="154"/>
	<SubTexture name="purple0000" x="0" y="492" width="154" height="158"/>
	<SubTexture name="purple0001" x="164" y="492" width="154" height="158"/>
	<SubTexture name="purple0002" x="328" y="492" width="154" height="158"/>
	<SubTexture name="purple0003" x="492" y="492" width="154" height="158"/>
	<SubTexture name="purple0004" x="656" y="492" width="154" height="158"/>
	<SubTexture name="purple0005" x="820" y="492" width="154" height="158"/>
	<SubTexture name="purple0006" x="0" y="660" width="154" height="158"/>
	<SubTexture name="purple0007" x="164" y="660" width="154" height="158"/>
	<SubTexture name="purple0008" x="328" y="660" width="154" height="158"/>
	<SubTexture name="purple0009" x="0" y="492" width="154" height="158"/>
	<SubTexture name="red0000" x="492" y="660" width="154" height="157"/>
	<SubTexture name="red0001" x="656" y="660" width="154" height="157"/>
	<SubTexture name="red0002" x="820" y="660" width="154" height="157"/>
	<SubTexture name="red0003" x="0" y="828" width="154" height="157"/>
	<SubTexture name="red0004" x="164" y="828" width="154" height="157"/>
	<SubTexture name="red0005" x="328" y="828" width="154" height="157"/>
	<SubTexture name="red0006" x="492" y="828" width="154" height="157"/>
	<SubTexture name="red0007" x="656" y="828" width="154" height="157"/>
	<SubTexture name="red0008" x="820" y="828" width="154" height="157"/>
	<SubTexture name="red0009" x="492" y="660" width="154" height="157"/>
</TextureAtlas>
